<?xml version="1.0" encoding="UTF-8"?>
<project-private xmlns="http://www.netbeans.org/ns/project-private/1">
    <editor-bookmarks xmlns="http://www.netbeans.org/ns/editor-bookmarks/2" lastBookmarkId="0"/>
    <open-files xmlns="http://www.netbeans.org/ns/projectui-open-files/2">
        <group>
            <file>file:/C:/Users/DELL/Desktop/Tarea/Taller3/src/Problema_09_EmprendimientoEjecutor.java</file>
            <file>file:/C:/Users/DELL/Desktop/Tarea/Taller3/src/Problema_07_AutomotorEjecutor.java</file>
            <file>file:/C:/Users/DELL/Desktop/Tarea/Taller3/src/Problema_03_InstitucionEducativaEjecutor.java</file>
            <file>file:/C:/Users/DELL/Desktop/Tarea/Taller3/src/Problema_08_ChequeEjecutor.java</file>
            <file>file:/C:/Users/DELL/Desktop/Tarea/Taller3/src/Problema_04_EquipoCelularEjecutor.java</file>
            <file>file:/C:/Users/DELL/Desktop/Tarea/Taller3/src/Problema_05_EstudianteEjecutar.java</file>
            <file>file:/C:/Users/DELL/Desktop/Tarea/Taller3/src/Problema_10_CandidatoEjecutor.java</file>
            <file>file:/C:/Users/DELL/Desktop/Tarea/Taller3/src/Problema_06_ProfesorEjecutor.java</file>
            <file>file:/C:/Users/DELL/Desktop/Tarea/Taller3/src/Problema_01_TerrenoEjecutor.java</file>
            <file>file:/C:/Users/DELL/Desktop/Tarea/Taller3/src/Problema_02_EquivalenteHoraEjecutor.java</file>
        </group>
    </open-files>
</project-private>
